City_ID,City,Lat,Lng,Max Temp,Humidity,Cloudiness,Wind Speed,Country,Current Description
0,Torbay,47.6666,-52.7314,78.76,63,76,3.74,CA,broken clouds
1,Ushuaia,-54.8,-68.3,31.66,86,40,17.27,AR,shower snow
2,Orlik,52.5178,99.825,47.8,85,85,2.15,RU,overcast clouds
3,Bambous Virieux,-20.3428,57.7575,69.22,69,94,20.11,MU,light rain
4,Puerto Ayora,-0.7393,-90.3518,78.76,86,73,5.01,EC,broken clouds
5,Tiksi,71.6872,128.8694,40.84,84,82,10.07,RU,broken clouds
6,Zeya,53.75,127.2667,60.8,85,89,3.2,RU,overcast clouds
7,Avarua,-21.2078,-159.775,69.85,83,75,14.97,CK,light rain
8,Ilulissat,69.2167,-51.1,51.82,82,75,5.75,GL,broken clouds
9,Carnarvon,-24.8667,113.6333,63.09,71,54,16.64,AU,broken clouds
10,Dikson,73.5069,80.5464,43.16,95,100,20.0,RU,light rain
11,Sinnamary,5.3833,-52.95,81.63,76,20,8.7,GF,few clouds
12,Nyazepetrovsk,56.0531,59.6028,51.6,96,3,2.91,RU,clear sky
13,Mataura,-46.1927,168.8643,37.47,95,100,0.54,NZ,overcast clouds
14,Talcahuano,-36.7167,-73.1167,53.28,94,100,5.75,CL,overcast clouds
15,Albany,42.6001,-73.9662,96.17,44,14,1.99,US,few clouds
16,Saint-Philippe,-21.3585,55.7679,65.79,83,46,14.52,RE,light rain
17,Tuatapere,-46.1333,167.6833,43.75,90,99,1.48,NZ,overcast clouds
18,Aklavik,68.2191,-135.0107,64.4,63,75,8.05,CA,broken clouds
19,Rikitea,-23.1203,-134.9692,74.95,78,86,19.15,PF,light rain
20,Pescara,42.3333,13.95,82.56,37,2,4.88,IT,clear sky
21,Vaini,-21.2,-175.2,73.92,77,59,10.25,TO,broken clouds
22,Port Alfred,-33.5906,26.891,58.32,70,0,3.44,ZA,clear sky
23,Kaseda,31.4167,130.3167,78.64,85,76,13.06,JP,broken clouds
24,Cidreira,-30.1811,-50.2056,63.75,89,100,5.57,BR,overcast clouds
25,Hobyo,5.3505,48.5268,76.15,82,35,24.56,SO,scattered clouds
26,Victoria,22.2855,114.1577,86.18,80,0,4.0,HK,clear sky
27,Merritt,50.1123,-120.7942,84.25,22,54,8.48,CA,broken clouds
28,Beitbridge,-22.2167,30.0,66.63,63,5,7.87,ZW,clear sky
29,Hobart,-42.8794,147.3294,39.27,91,2,1.01,AU,clear sky
30,Georgetown,5.4112,100.3354,80.53,78,20,0.0,MY,few clouds
31,Benicarlo,40.4165,0.4271,82.9,75,0,4.05,ES,clear sky
32,Avera,33.194,-82.5271,88.56,52,100,13.2,US,overcast clouds
33,Rocha,-34.4833,-54.3333,53.56,83,100,7.4,UY,overcast clouds
34,Atuona,-9.8,-139.0333,77.58,72,16,15.61,PF,few clouds
35,Koumac,-20.5667,164.2833,74.66,85,75,9.04,NC,broken clouds
36,Mahebourg,-20.4081,57.7,70.09,78,75,23.02,MU,broken clouds
37,Barrow,71.2906,-156.7887,44.62,76,0,26.46,US,clear sky
38,Pisco,-13.7,-76.2167,64.45,68,0,9.22,PE,clear sky
39,Butaritari,3.0707,172.7902,80.22,77,95,4.68,KI,moderate rain
40,Chara,56.9064,118.2631,61.18,89,100,0.92,RU,light rain
41,Kodiak,57.79,-152.4072,54.91,88,100,6.91,US,overcast clouds
42,Terra Santa,-2.1042,-56.4869,89.37,51,48,3.51,BR,scattered clouds
43,East London,-33.0153,27.9116,59.99,72,4,4.63,ZA,clear sky
44,Chillicothe,39.3331,-82.9824,89.26,48,0,12.66,US,clear sky
45,Doka,13.5167,35.7667,74.41,80,100,8.43,SD,overcast clouds
46,Busselton,-33.65,115.3333,57.74,77,62,10.85,AU,broken clouds
47,Srandakan,-7.9386,110.2506,75.69,83,100,9.57,ID,overcast clouds
48,Luwingu,-10.2621,29.9271,65.77,42,97,4.21,ZM,overcast clouds
49,Ahipara,-35.1667,173.1667,53.64,88,87,7.9,NZ,overcast clouds
50,Cape Town,-33.9258,18.4232,59.38,80,0,6.91,ZA,clear sky
51,Constitucion,-35.3333,-72.4167,59.05,71,3,9.35,CL,clear sky
52,Bubaque,11.2833,-15.8333,78.76,85,100,16.35,GW,light rain
53,Araouane,18.9048,-3.5265,95.16,33,20,6.6,ML,light rain
54,Hilo,19.7297,-155.09,81.28,95,75,5.75,US,moderate rain
55,Pangai,-19.8,-174.35,76.44,71,50,10.98,TO,scattered clouds
56,Mar Del Plata,-38.0023,-57.5575,56.08,53,99,14.0,AR,overcast clouds
57,Tamandare,-8.7597,-35.1047,75.42,84,92,10.71,BR,light rain
58,Qaanaaq,77.484,-69.3632,44.28,74,100,8.55,GL,overcast clouds
59,Upernavik,72.7868,-56.1549,46.58,93,100,12.75,GL,light rain
60,Poronaysk,49.2167,143.1167,57.09,90,100,4.36,RU,overcast clouds
61,Grindavik,63.8424,-22.4338,55.35,93,100,8.05,IS,overcast clouds
62,Catalao,-18.1658,-47.9464,78.33,31,20,7.52,BR,few clouds
63,Yaan,7.3833,8.5667,71.83,94,100,4.23,NG,light rain
64,Fairbanks,64.8378,-147.7164,62.94,67,75,0.0,US,broken clouds
65,San Patricio,28.017,-97.5169,99.32,39,4,20.27,US,clear sky
66,Puerto Del Rosario,28.5004,-13.8627,80.35,65,0,16.11,ES,clear sky
67,Marivan,35.5219,46.176,75.88,21,0,1.54,IR,clear sky
68,Mpulungu,-8.7623,31.1141,72.5,50,32,5.84,ZM,scattered clouds
69,Bismil,37.8486,40.6658,89.33,30,0,7.76,TR,clear sky
70,Pokhara,28.2333,83.9833,72.1,88,100,4.09,NP,overcast clouds
71,Bako,5.7833,36.5667,66.97,65,91,2.62,ET,overcast clouds
72,Teguise,29.0605,-13.564,71.82,78,20,25.32,ES,few clouds
73,Taylor,32.3001,-99.8337,93.33,35,40,9.22,US,scattered clouds
74,New Norfolk,-42.7826,147.0587,38.91,81,4,2.82,AU,clear sky
75,Cherskiy,68.75,161.3,40.59,68,98,9.78,RU,overcast clouds
76,Amapa,1.0,-52.0,83.84,66,88,2.62,BR,overcast clouds
77,Arantangi,10.1667,78.9833,81.97,76,100,10.76,IN,overcast clouds
78,Bengkulu,-3.8004,102.2655,74.95,92,80,4.25,ID,broken clouds
79,Kachug,53.9606,105.8817,55.96,77,100,0.83,RU,overcast clouds
80,Deputatskiy,69.3,139.9,41.92,81,4,5.12,RU,clear sky
81,Comodoro Rivadavia,-45.8667,-67.5,44.46,29,40,19.57,AR,scattered clouds
82,Pingshan,22.9938,114.7131,78.39,87,0,0.47,CN,clear sky
83,Khatanga,71.9667,102.5,50.09,84,100,13.53,RU,overcast clouds
84,Binzhou,37.3667,118.0167,74.34,73,2,3.11,CN,clear sky
85,Punta Arenas,-53.15,-70.9167,35.62,80,40,26.46,CL,scattered clouds
86,Black River,18.0264,-77.8487,89.67,55,10,17.9,JM,clear sky
87,Port Elizabeth,-33.918,25.5701,46.69,93,0,3.44,ZA,clear sky
88,Yulara,-25.2406,130.9889,48.67,41,0,7.83,AU,clear sky
89,Tazovskiy,67.4667,78.7,43.75,84,100,3.24,RU,overcast clouds
90,Cocobeach,1.0002,9.5823,76.77,80,47,8.25,GA,scattered clouds
91,Darhan,49.4867,105.9228,54.75,96,100,6.2,MN,light rain
92,Sorland,67.667,12.6934,54.12,91,100,21.9,NO,overcast clouds
93,Betong,5.7743,101.0723,70.99,99,100,2.26,TH,overcast clouds
94,Mihaesti,45.0333,24.25,70.57,40,0,5.82,RO,clear sky
95,Lompoc,34.6391,-120.4579,94.01,69,0,19.57,US,clear sky
96,Mao,39.8885,4.2658,79.36,73,0,5.75,ES,clear sky
97,Paita,-5.0892,-81.1144,69.08,68,24,14.76,PE,few clouds
98,Witu,-2.3889,40.4382,75.36,80,2,14.54,KE,clear sky
99,Mackay,-21.15,149.2,58.68,87,34,4.56,AU,scattered clouds
100,Anloga,5.7947,0.8973,75.54,79,12,13.69,GH,few clouds
101,Boda,4.3189,17.4695,70.48,95,100,1.45,CF,moderate rain
102,Hithadhoo,-0.6,73.0833,80.64,73,99,5.99,MV,moderate rain
103,Vila,42.0304,-8.1588,68.7,70,45,1.86,PT,scattered clouds
104,Talagang,32.9297,72.4158,80.19,78,100,6.71,PK,moderate rain
105,Tuktoyaktuk,69.4541,-133.0374,53.6,100,100,9.22,CA,light rain
106,Lata,40.1629,-8.3327,66.58,73,66,4.81,PT,broken clouds
107,Cabo San Lucas,22.8909,-109.9124,97.9,41,0,12.66,MX,clear sky
108,Daru,-9.0763,143.2092,75.72,92,67,7.65,PG,broken clouds
109,Nabire,-3.3667,135.4833,75.34,89,26,2.68,ID,scattered clouds
110,Pacatuba,-3.9842,-38.6203,76.37,80,96,4.21,BR,overcast clouds
111,Souillac,-20.5167,57.5167,70.18,78,75,23.02,MU,broken clouds
112,Tablas,6.6292,122.1747,79.2,81,100,1.48,PH,overcast clouds
113,Coquimbo,-29.9533,-71.3436,55.13,82,100,8.05,CL,overcast clouds
114,Sorong,-0.8833,131.25,78.04,89,14,10.58,ID,few clouds
115,Dayong,25.0209,118.2898,79.66,89,3,1.52,CN,clear sky
116,Jinchang,38.4953,102.1739,59.32,50,0,9.73,CN,clear sky
117,Ribeira Grande,38.5167,-28.7,75.6,83,20,8.05,PT,few clouds
118,Codrington,-38.2667,141.9667,48.02,82,59,12.53,AU,broken clouds
119,Esperance,-33.8667,121.9,53.89,82,72,18.43,AU,broken clouds
120,Orotina,9.912,-84.5234,88.56,79,100,4.09,CR,overcast clouds
121,Tautira,-17.7333,-149.15,75.56,77,20,10.83,PF,light rain
122,Espanola,35.9911,-106.0806,94.87,23,35,1.01,US,scattered clouds
123,Airai,-8.9266,125.4092,54.88,92,99,3.6,TL,overcast clouds
124,Dwarka,22.2394,68.9678,82.89,82,100,19.35,IN,overcast clouds
125,Westport,41.1415,-73.3579,88.45,71,20,10.36,US,few clouds
126,Tay Ninh,11.3,106.1,73.85,95,82,3.31,VN,broken clouds
127,Kapaa,22.0752,-159.319,81.12,72,40,17.27,US,scattered clouds
128,Horsham,51.064,-0.3272,70.27,83,75,8.05,GB,broken clouds
129,Alyangula,-13.8483,136.4192,67.15,68,89,12.66,AU,overcast clouds
130,Kajaani,64.2273,27.7285,69.85,60,0,6.91,FI,clear sky
131,Samarai,-10.6167,150.6667,79.21,82,32,6.85,PG,scattered clouds
132,Manokwari,-0.8667,134.0833,77.85,80,97,3.67,ID,overcast clouds
133,Yellowknife,62.456,-114.3525,68.52,42,75,5.75,CA,broken clouds
134,Smoky Lake,54.1169,-112.4686,75.78,43,99,10.36,CA,overcast clouds
135,Lebu,-37.6167,-73.65,53.13,81,98,9.6,CL,overcast clouds
136,Sitka,57.0531,-135.33,55.29,88,100,3.44,US,overcast clouds
137,Dembi Dolo,8.5333,34.8,55.06,91,46,3.22,ET,scattered clouds
138,Kharitonovo,61.4009,47.4978,63.86,78,100,5.28,RU,overcast clouds
139,Jyvaskyla,62.2415,25.7209,68.13,85,0,1.14,FI,clear sky
140,Mantua,45.1667,10.7833,88.84,55,1,1.99,IT,clear sky
141,Baiyin,36.5583,104.2081,54.63,80,62,4.41,CN,broken clouds
142,Tilichiki,60.4667,166.1,56.12,55,0,7.05,RU,clear sky
143,Itarema,-2.9248,-39.9167,82.65,68,57,15.59,BR,broken clouds
144,Xifeng,42.7372,124.7222,66.43,93,99,2.53,CN,overcast clouds
145,Ostrovnoy,68.0531,39.5131,53.76,81,99,5.95,RU,overcast clouds
146,Saint-Denis,48.9167,2.3333,76.14,68,0,9.22,FR,clear sky
147,Saint George,37.1041,-113.5841,110.79,13,0,5.75,US,clear sky
148,Bredasdorp,-34.5322,20.0403,47.88,87,100,1.86,ZA,overcast clouds
149,Merauke,-8.4667,140.3333,75.06,87,25,7.27,ID,scattered clouds
150,Wenling,28.3669,121.36,78.84,90,40,1.83,CN,scattered clouds
151,Bayan,46.0833,127.4,64.35,87,1,2.86,CN,clear sky
152,Broome,42.2506,-75.833,89.89,50,20,13.8,US,few clouds
153,Kruisfontein,-34.0033,24.7314,50.31,86,0,3.22,ZA,clear sky
154,Saskylakh,71.9167,114.0833,47.44,75,100,7.72,RU,overcast clouds
155,Tselinnoye,53.0833,85.6667,59.16,92,100,10.18,RU,light rain
156,Muros,42.7762,-9.0603,69.1,83,93,14.7,ES,overcast clouds
157,Sarahan,31.5167,77.8,63.01,93,99,0.49,IN,light rain
158,Serebryanyy Bor,56.8,124.8,57.29,96,63,1.83,RU,broken clouds
159,Thompson,55.7435,-97.8558,66.36,63,75,10.36,CA,broken clouds
160,Karasjok,69.4719,25.5112,58.64,94,100,6.96,NO,overcast clouds
161,Undory,54.6085,48.3928,61.84,77,99,11.59,RU,light rain
162,Hermanus,-34.4187,19.2345,53.67,75,100,0.96,ZA,overcast clouds
163,Haines Junction,60.7522,-137.5108,52.43,71,100,6.6,CA,overcast clouds
164,Ambulu,-8.345,113.6058,72.03,90,97,3.67,ID,overcast clouds
165,Castro,-24.7911,-50.0119,67.08,72,39,4.23,BR,scattered clouds
166,Neuquen,-38.9516,-68.0591,55.29,41,0,4.61,AR,clear sky
167,La Ronge,55.1001,-105.2842,70.02,49,75,19.57,CA,broken clouds
168,Ulaangom,49.9811,92.0667,60.6,54,73,3.27,MN,broken clouds
169,Lubango,-14.9172,13.4925,57.6,34,0,3.06,AO,clear sky
170,Hambantota,6.1241,81.1185,79.27,81,99,19.3,LK,moderate rain
171,Vostok,46.4856,135.8833,59.27,99,99,2.04,RU,overcast clouds
172,Arcata,40.8665,-124.0828,90.75,79,100,8.05,US,overcast clouds
173,Abu Samrah,35.3029,37.1841,77.14,53,0,11.86,SY,clear sky
174,Kyabe,9.4515,18.9449,76.24,77,66,1.63,TD,broken clouds
175,Walldurn,49.5833,9.3667,69.37,67,20,2.98,DE,few clouds
176,Bluff,-46.6,168.3333,37.8,85,80,10.22,NZ,broken clouds
177,Linxia,35.6003,103.2064,48.74,88,1,4.45,CN,clear sky
178,Portland,45.5234,-122.6762,84.81,55,20,7.0,US,few clouds
179,Huntsville,34.7304,-86.5861,96.31,64,75,9.22,US,broken clouds
180,Dubbo,-32.25,148.6167,44.73,87,79,10.36,AU,broken clouds
181,Leningradskiy,69.3833,178.4167,34.63,99,100,11.1,RU,light snow
182,Clyde River,70.4692,-68.5914,43.03,93,100,13.8,CA,light rain
183,Padang,-0.9492,100.3543,77.05,88,81,3.87,ID,broken clouds
184,Rundu,-17.9333,19.7667,63.81,32,73,4.54,NA,broken clouds
185,Nikolskoye,59.7035,30.7861,66.09,81,0,2.68,RU,clear sky
186,North Bend,43.4065,-124.2243,68.92,71,75,13.8,US,broken clouds
187,Camara De Lobos,32.6333,-16.9667,73.71,85,40,21.85,PT,scattered clouds
188,Bella Vista,36.4295,-94.2316,104.04,30,0,5.75,US,clear sky
189,Arraial Do Cabo,-22.9661,-42.0278,73.26,78,0,8.05,BR,clear sky
190,Lagoa,39.05,-27.9833,72.77,84,94,5.21,PT,overcast clouds
191,Mahuta,-10.8667,39.45,60.48,95,0,1.97,TZ,clear sky
192,Pevek,69.7008,170.3133,32.02,99,100,8.72,RU,snow
193,Tasiilaq,65.6145,-37.6368,41.16,78,85,2.53,GL,overcast clouds
194,Turochak,52.2576,87.1224,55.78,98,100,3.62,RU,light rain
195,Fuerte,17.5381,120.3644,83.1,71,22,9.19,PH,few clouds
196,Peterhead,57.5058,-1.7981,56.44,85,100,7.78,GB,overcast clouds
197,Berbera,10.4396,45.0143,90.48,40,9,22.35,SO,clear sky
198,Odienne,9.51,-7.5692,71.58,95,21,3.94,CI,light rain
199,Fortuna,40.5982,-124.1573,62.65,75,42,8.52,US,scattered clouds
200,Ternate,0.8,127.4,79.74,77,97,4.25,ID,overcast clouds
201,Provideniya,64.3833,-173.3,44.71,76,100,15.99,RU,overcast clouds
202,Ekibastuz,51.6667,75.3667,69.04,52,3,8.55,KZ,clear sky
203,College,64.8569,-147.8028,62.92,66,100,0.0,US,overcast clouds
204,Omboue,-1.5746,9.2618,72.5,89,99,7.85,GA,overcast clouds
205,Ligayan,4.6533,119.4706,83.08,73,100,3.53,PH,overcast clouds
206,Mehamn,71.0357,27.8492,58.95,100,75,2.3,NO,light rain
207,Alcantara,-2.4089,-44.4147,86.2,64,56,2.57,BR,light rain
208,Novyy Urengoy,66.0833,76.6333,43.25,85,100,7.65,RU,overcast clouds
209,Markovo,57.3206,107.0881,54.9,92,98,1.25,RU,overcast clouds
210,La Romana,18.4273,-68.9728,82.76,83,75,13.8,DO,broken clouds
211,Atar,20.5169,-13.0499,97.93,27,8,12.12,MR,clear sky
212,Half Moon Bay,37.4636,-122.4286,88.54,69,40,19.57,US,scattered clouds
213,Sieradz,51.5958,18.7302,77.5,69,7,9.13,PL,clear sky
214,Gornozavodsk,58.3758,58.3211,52.5,96,13,1.68,RU,few clouds
215,Malyn,50.7723,29.2383,64.58,70,26,10.58,UA,scattered clouds
216,Port-Gentil,-0.7193,8.7815,75.16,88,40,11.5,GA,scattered clouds
217,Gobabis,-22.45,18.9667,55.22,36,0,9.8,NA,clear sky
218,Tianpeng,30.9866,103.9393,75.67,97,100,8.03,CN,moderate rain
219,Cururupu,-1.8283,-44.8683,81.41,71,70,4.56,BR,broken clouds
220,Aitape,-3.1374,142.3475,77.7,88,100,3.83,PG,overcast clouds
221,Ponta Do Sol,32.6667,-17.1,73.71,79,3,7.29,PT,clear sky
222,Klaksvik,62.2266,-6.589,50.92,89,10,7.14,FO,clear sky
223,Biak,-0.9131,122.8766,74.95,88,25,6.62,ID,scattered clouds
224,Saint-Francois,46.4154,3.9054,71.04,64,0,0.0,FR,clear sky
225,Matara,5.9485,80.5353,77.94,86,100,14.81,LK,light rain
226,Yayva,59.3303,57.2641,54.28,95,7,0.65,RU,clear sky
227,Skagen,57.7209,10.5839,63.93,87,100,9.84,DK,overcast clouds
228,Asau,46.4333,26.4,67.28,42,0,5.86,RO,clear sky
229,Sola,-13.8833,167.55,80.31,81,62,17.43,VU,broken clouds
230,Inuyama,35.38,136.9429,77.02,100,75,1.14,JP,broken clouds
231,Vao,-22.6667,167.4833,73.38,90,10,19.75,NC,clear sky
232,Jamestown,42.097,-79.2353,85.01,53,75,18.41,US,broken clouds
233,Chokurdakh,70.6333,147.9167,48.38,43,0,8.19,RU,clear sky
234,Hammerfest,70.6634,23.6821,52.25,100,75,6.91,NO,light rain
235,San Jose,37.3394,-121.895,91.9,44,0,8.05,US,clear sky
236,Qaqortoq,60.7167,-46.0333,50.31,77,9,4.7,GL,clear sky
237,Ust-Tsilma,65.441,52.1498,56.19,71,23,5.39,RU,few clouds
238,Faanui,-16.4833,-151.75,77.31,73,11,11.52,PF,light rain
239,Nueva Helvecia,-34.3,-57.2333,57.6,81,100,8.66,UY,light rain
240,Martinsicuro,42.8811,13.9145,84.13,99,0,3.74,IT,clear sky
241,Quatre Cocos,-20.2078,57.7625,69.91,68,91,19.01,MU,overcast clouds
242,Miri,4.4148,114.0089,78.94,94,20,0.0,MY,few clouds
243,Ojinaga,29.5667,-104.4167,104.95,25,0,10.36,MX,clear sky
244,Hovd,48.0056,91.6419,61.9,45,98,3.98,MN,overcast clouds
245,Anadyr,64.75,177.4833,50.5,61,20,11.18,RU,few clouds
246,Bethel,41.3712,-73.414,93.34,68,20,13.8,US,few clouds
247,Solano,38.2333,-121.9511,94.51,36,0,14.97,US,clear sky
248,Kavieng,-2.5744,150.7967,81.05,79,100,11.95,PG,light rain
249,Baruun-Urt,46.6806,113.2792,69.28,51,97,9.53,MN,overcast clouds
250,Akyab,20.15,92.9,81.5,85,100,4.92,MM,light rain
251,Salalah,17.0151,54.0924,77.09,94,100,5.75,OM,overcast clouds
252,Vengurla,15.8667,73.6333,77.76,87,100,6.06,IN,overcast clouds
253,Porosozero,62.7191,32.727,63.82,69,51,3.27,RU,broken clouds
254,Norton Shores,43.1689,-86.2639,84.97,65,100,10.36,US,overcast clouds
255,Ajdabiya,30.7554,20.2263,78.28,54,0,14.56,LY,clear sky
256,Nanton,50.3501,-113.7687,85.82,30,6,7.45,CA,clear sky
257,Wanning,18.8003,110.3967,79.47,87,21,3.04,CN,few clouds
258,Port Dickson,2.5228,101.7959,79.02,81,72,8.08,MY,broken clouds
259,Mitu,1.1983,-70.1733,76.23,96,98,2.82,CO,overcast clouds
260,Takapau,-40.0333,176.35,41.74,73,100,6.96,NZ,overcast clouds
261,Kupino,54.3663,77.2981,59.58,84,2,11.23,RU,clear sky
262,Chuy,-33.6971,-53.4616,52.0,92,87,6.02,UY,overcast clouds
263,Shimoda,34.6667,138.95,77.11,88,7,6.89,JP,clear sky
264,Cluses,46.0625,6.575,78.53,77,0,3.89,FR,clear sky
265,Armidale,-30.5167,151.65,44.29,96,100,14.25,AU,light rain
266,Chicama,-7.8447,-79.1469,61.34,61,92,7.58,PE,overcast clouds
267,Charters Towers,-20.1,146.2667,53.53,91,2,7.92,AU,clear sky
268,Lyambir,54.2817,45.1249,57.83,96,100,13.44,RU,light rain
269,Piacabucu,-10.4056,-36.4344,73.47,79,71,6.73,BR,broken clouds
270,Nevers,46.9167,3.3333,67.55,58,2,2.98,FR,clear sky
271,Huescar,37.811,-2.5412,76.12,53,0,4.34,ES,clear sky
272,Norman Wells,65.282,-126.8329,66.24,68,75,3.44,CA,broken clouds
273,Port Lincoln,-34.7333,135.8667,54.55,71,100,20.31,AU,overcast clouds
274,Nanortalik,60.1432,-45.2371,50.31,76,2,12.88,GL,clear sky
275,Benguela,-12.5763,13.4055,68.07,84,76,4.54,AO,broken clouds
276,Kupang,-10.1667,123.5833,74.16,84,100,11.41,ID,overcast clouds
277,Yuanping,38.7153,112.7575,68.72,79,100,1.88,CN,overcast clouds
278,Bowen,-20.0167,148.2333,60.15,91,40,6.78,AU,scattered clouds
279,Pendra,22.7667,81.95,74.08,95,100,4.34,IN,overcast clouds
280,Galeana,24.8333,-100.0667,80.71,42,36,12.71,MX,scattered clouds
281,Bosaso,11.2842,49.1816,90.52,40,50,16.84,SO,scattered clouds
282,Ekhabi,53.5102,142.9671,54.54,91,100,13.0,RU,overcast clouds
283,Sao Filipe,14.8961,-24.4956,75.33,85,95,7.58,CV,overcast clouds
284,Caxito,-8.5785,13.6643,66.25,90,36,2.35,AO,scattered clouds
285,Umm Lajj,25.0213,37.2685,87.46,53,6,7.2,SA,clear sky
286,Rioblanco,3.5308,-75.6806,73.09,69,69,3.51,CO,broken clouds
287,Alofi,-19.0595,-169.9187,75.09,83,20,5.75,NU,few clouds
288,Mercedes,-34.6515,-59.4307,65.86,51,92,7.65,AR,overcast clouds
289,Namibe,-15.1961,12.1522,63.09,88,31,1.95,AO,scattered clouds
290,Oyama,36.3,139.8,82.58,94,96,4.79,JP,overcast clouds
291,Conceicao Do Araguaia,-8.2578,-49.2647,85.26,27,2,2.28,BR,clear sky
292,Katsuura,35.1333,140.3,78.55,90,51,14.52,JP,broken clouds
293,Jalingo,8.8833,11.3667,73.44,94,99,4.03,NG,overcast clouds
294,Nongan,44.382,125.1685,66.06,87,26,6.82,CN,scattered clouds
295,Georgiyevka,43.0369,74.7114,68.04,64,0,4.47,KZ,smoke
296,Lexington,37.9887,-84.4777,90.99,45,0,12.66,US,clear sky
297,Minas,-34.3759,-55.2377,50.67,89,100,5.3,UY,overcast clouds
298,Buala,-8.145,159.5921,80.58,81,94,4.14,SB,light rain
299,Rochegda,62.8,43.25,61.5,92,29,4.38,RU,scattered clouds
300,Paragominas,-2.9667,-47.4833,78.76,60,10,0.72,BR,clear sky
301,Charagua,-19.8,-63.2167,90.97,36,79,11.92,BO,broken clouds
302,Batagay-Alyta,67.8006,130.4114,51.3,73,86,2.01,RU,overcast clouds
303,Lensk,60.7253,114.9278,58.68,96,97,2.53,RU,light rain
304,Hede,33.7681,120.2517,71.83,93,0,4.92,CN,clear sky
305,Tarauaca,-8.1614,-70.7656,90.34,36,6,0.43,BR,clear sky
306,Cocorit,27.5833,-109.9667,98.94,35,3,4.05,MX,clear sky
307,Narsaq,60.9167,-46.05,62.82,75,16,9.73,GL,few clouds
308,Kyren,51.6828,102.1408,55.38,83,100,1.12,RU,overcast clouds
309,Aguimes,27.9054,-15.4461,75.83,57,20,27.63,ES,few clouds
310,Kletnya,53.3897,33.2171,58.12,93,67,9.19,RU,broken clouds
311,Yarovoye,52.9273,78.58,64.38,68,13,11.32,RU,few clouds
312,Saint Anthony,45.0205,-93.218,87.35,36,0,21.85,US,clear sky
313,Barcelos,41.5388,-8.6151,73.92,89,65,1.88,PT,broken clouds
314,Beringovskiy,63.05,179.3167,48.65,63,29,10.98,RU,scattered clouds
315,Gornopravdinsk,60.05,69.9,49.48,77,14,4.68,RU,few clouds
316,Labuhan,-6.8844,112.2051,75.24,84,94,9.4,ID,overcast clouds
317,Oktyabrskoye,43.0645,44.7417,66.34,88,100,2.24,RU,light rain
318,Kropotkin,45.4375,40.5756,60.21,59,2,6.89,RU,clear sky
319,Kalispell,48.1958,-114.3129,87.49,27,0,8.01,US,clear sky
320,Dingle,10.9995,122.6711,77.18,92,100,5.99,PH,overcast clouds
321,Nuuk,64.1835,-51.7216,57.81,62,75,18.41,GL,broken clouds
322,Moindou,-21.6924,165.677,75.38,81,50,8.59,NC,scattered clouds
323,Bukama,-9.2,25.85,75.07,42,34,2.75,CD,scattered clouds
324,Belyy Yar,53.6039,91.3903,55.29,88,0,0.0,RU,clear sky
325,Craig,40.5153,-107.5464,89.55,18,0,4.61,US,clear sky
326,Iqaluit,63.7506,-68.5145,42.53,93,100,5.75,CA,overcast clouds
327,Ourossogui,15.6064,-13.3211,81.34,73,100,7.47,SN,overcast clouds
328,Lovozero,68.005,35.0117,63.45,81,100,3.65,RU,overcast clouds
329,Boa Vista,2.8197,-60.6733,85.98,66,40,4.61,BR,scattered clouds
330,Brigantine,39.4101,-74.3646,95.2,65,75,13.8,US,broken clouds
331,Richards Bay,-28.783,32.0377,64.6,91,53,5.12,ZA,broken clouds
332,Isangel,-19.55,169.2667,78.08,80,4,13.71,VU,clear sky
333,The Valley,18.217,-63.0578,86.83,66,20,18.41,AI,few clouds
334,Mindelo,16.8901,-24.9804,78.35,65,75,14.97,CV,broken clouds
335,Qui Nhon,13.7667,109.2333,76.66,87,100,3.85,VN,overcast clouds
336,Okhotsk,59.3833,143.3,58.42,87,100,4.03,RU,overcast clouds
337,Bandarbeyla,9.4942,50.8122,75.67,84,24,28.03,SO,few clouds
338,Afua,-0.1567,-50.3867,78.37,86,83,5.3,BR,broken clouds
339,Seoul,37.5683,126.9778,74.8,86,75,4.61,KR,broken clouds
340,Rurrenabaque,-14.4413,-67.5278,89.49,62,40,4.61,BO,scattered clouds
341,Maceio,-9.6658,-35.7353,78.24,78,40,3.44,BR,scattered clouds
342,Batman,37.8874,41.1322,82.2,36,0,8.05,TR,clear sky
343,Geraldton,-28.7667,114.6,52.21,93,100,9.22,AU,overcast clouds
344,Kogon,39.7228,64.5517,78.84,34,0,2.3,UZ,clear sky
345,Waitati,-45.75,170.5667,46.8,85,100,2.35,NZ,overcast clouds
346,Paso De Carrasco,-34.8603,-56.0522,54.05,81,0,11.5,UY,clear sky
347,Vardo,70.3705,31.1107,57.18,88,100,6.91,NO,overcast clouds
348,Abu Kamal,34.4506,40.9171,90.18,23,0,13.71,SY,clear sky
349,Kemijarvi,66.7131,27.4306,62.6,77,95,5.53,FI,overcast clouds
350,Mangochi,-14.4782,35.2645,69.85,47,71,6.04,MW,broken clouds
351,Nelson Bay,-32.7167,152.15,62.01,77,100,18.01,AU,overcast clouds
352,Salina Cruz,16.1667,-95.2,85.84,67,90,8.1,MX,overcast clouds
353,Necochea,-38.5473,-58.7368,46.15,52,85,2.53,AR,light rain
354,Kyra,49.5776,111.9753,61.2,90,100,4.09,RU,overcast clouds
355,Begoro,6.3871,-0.3774,69.35,84,96,3.74,GH,overcast clouds
356,Babushkin,51.7122,105.8647,54.16,96,100,1.19,RU,overcast clouds
357,Terskaya,43.7238,44.7244,70.48,73,100,8.43,RU,overcast clouds
358,Dharchula,29.85,80.5333,71.85,95,100,1.52,IN,overcast clouds
359,Dutse,11.7594,9.3392,78.76,61,24,5.5,NG,few clouds
360,Energetik,51.7445,58.7934,61.7,65,0,2.8,RU,clear sky
361,Longyearbyen,78.2186,15.6401,49.84,87,75,4.61,SJ,broken clouds
362,Pingzhuang,42.0372,119.2889,67.66,79,0,2.95,CN,clear sky
363,Beloha,-25.1667,45.05,64.35,86,2,5.48,MG,clear sky
364,Bud,39.447,-86.1758,91.4,47,0,7.65,US,clear sky
365,Goundi,9.3627,17.366,74.77,84,48,1.92,TD,scattered clouds
366,Dalvik,65.9702,-18.5286,51.73,78,100,1.9,IS,overcast clouds
367,Lingao,19.9103,109.6859,78.48,86,3,9.28,CN,clear sky
368,Caluquembe,-13.7833,14.6833,57.42,33,1,1.34,AO,clear sky
369,Kamenka,51.3223,42.7678,57.16,87,100,5.19,RU,overcast clouds
370,Korla,41.7597,86.1469,75.94,32,0,2.53,CN,clear sky
371,Talcher,20.95,85.2167,81.27,85,100,2.19,IN,overcast clouds
372,Cayenne,4.9333,-52.3333,86.04,1,34,8.05,GF,scattered clouds
373,Freeport,40.6576,-73.5832,97.3,67,40,7.0,US,scattered clouds
374,Qasigiannguit,68.8193,-51.1922,52.05,93,100,3.87,GL,overcast clouds
375,Sharan,54.8167,54.0,58.3,84,100,2.24,RU,overcast clouds
376,Katangli,51.7102,143.2326,52.97,99,100,9.73,RU,overcast clouds
377,Hofn,64.2539,-15.2082,50.56,90,33,1.74,IS,scattered clouds
378,Veraval,20.9,70.3667,81.46,82,100,15.95,IN,light rain
379,Turukhansk,65.8167,87.9833,55.62,94,100,9.46,RU,overcast clouds
380,Panino,51.6467,40.1346,55.78,95,99,9.35,RU,overcast clouds
381,Nanakuli,21.3906,-158.1547,84.15,56,75,12.66,US,broken clouds
382,Saldanha,-33.0117,17.9442,46.45,76,98,11.48,ZA,overcast clouds
383,Kaitangata,-46.2817,169.8464,43.47,90,96,2.84,NZ,overcast clouds
384,Accra,5.556,-0.1969,75.61,83,0,12.66,GH,clear sky
385,Bilibino,68.0546,166.4372,43.05,63,97,4.14,RU,overcast clouds
386,The Pas,53.8251,-101.2541,68.02,60,100,16.11,CA,overcast clouds
387,Maumere,-8.6199,122.2111,77.59,79,89,9.82,ID,overcast clouds
388,Russell,32.3502,-85.1999,90.68,62,20,8.05,US,few clouds
389,Jupiter,26.9342,-80.0942,93.07,61,0,8.05,US,clear sky
390,Kedrovyy,56.1667,91.8167,57.87,87,96,3.83,RU,overcast clouds
391,Lagdo,9.05,13.7333,76.41,81,98,3.42,CM,overcast clouds
392,Adrar,20.5022,-10.0711,94.48,29,87,2.84,MR,overcast clouds
393,Yar-Sale,66.8333,70.8333,45.1,77,100,11.83,RU,overcast clouds
394,Zhigansk,66.7697,123.3711,58.46,92,96,3.56,RU,overcast clouds
395,Meulaboh,4.1363,96.1285,77.99,82,100,4.56,ID,light rain
396,Pacific Grove,36.6177,-121.9166,79.25,87,75,9.22,US,haze
397,Missoula,47.0166,-113.8009,84.65,20,0,7.67,US,clear sky
398,Rathdrum,47.8137,-116.892,91.35,29,0,6.91,US,clear sky
399,Sisimiut,66.9395,-53.6735,48.4,84,98,16.31,GL,overcast clouds
400,Najran,17.4924,44.1277,88.45,35,68,2.51,SA,broken clouds
401,Huilong,31.8111,121.655,79.93,93,0,5.06,CN,clear sky
402,Tucupita,9.0622,-62.051,79.5,91,72,5.64,VE,broken clouds
403,Mayo,38.8876,-76.5119,95.97,65,0,8.05,US,clear sky
404,Mora,11.0461,14.1401,80.76,65,99,2.06,CM,light rain
405,Louis Trichardt,-23.0439,29.9032,56.16,83,28,3.27,ZA,scattered clouds
406,Port Blair,11.6667,92.75,79.16,88,100,5.32,IN,light rain
407,Disraeli,45.9001,-71.3491,83.21,70,23,1.01,CA,few clouds
408,Kushmurun,52.4503,64.6311,61.63,67,1,5.99,KZ,clear sky
409,Burnie,-41.0667,145.9167,48.94,80,79,12.8,AU,broken clouds
410,Atasu,48.6814,71.6433,67.77,64,19,8.66,KZ,few clouds
411,Poum,-20.2333,164.0167,77.13,85,99,25.19,NC,overcast clouds
412,Meiningen,50.5679,10.4152,62.67,83,16,3.53,DE,few clouds
413,Yagodnoye,62.55,149.6667,49.77,73,100,2.59,RU,overcast clouds
414,Hasaki,35.7333,140.8333,77.4,92,100,17.4,JP,overcast clouds
415,Darnah,32.767,22.6367,77.65,73,0,21.63,LY,clear sky
416,Porgera,-5.4667,143.2,43.03,100,89,1.12,PG,overcast clouds
417,Alencon,48.4333,0.0833,65.68,62,66,4.83,FR,broken clouds
418,Azogues,-2.7333,-78.8333,58.95,79,97,4.0,EC,overcast clouds
419,Vila Velha,-20.3297,-40.2925,73.35,87,40,6.91,BR,scattered clouds
420,Lorengau,-2.0226,147.2712,81.34,77,89,8.55,PG,overcast clouds
421,Bayreuth,49.9481,11.5783,68.97,87,0,2.26,DE,clear sky
422,Mahon,39.8885,4.2658,79.36,73,0,5.75,ES,clear sky
423,Gizo,-8.103,156.8419,81.48,77,44,6.17,SB,scattered clouds
424,Vestmannaeyjar,63.4427,-20.2734,51.58,97,100,5.93,IS,overcast clouds
425,Ust-Kuyga,70.0167,135.6,54.52,60,5,3.33,RU,clear sky
426,Nador,35.174,-2.9287,79.05,83,0,2.3,MA,clear sky
427,Darab,28.7519,54.5444,88.92,39,8,1.23,IR,clear sky
428,Severo-Yeniseyskiy,60.3725,93.0408,48.38,95,37,3.74,RU,scattered clouds
429,Asha,54.9973,57.2722,55.08,95,57,1.74,RU,broken clouds
430,Yumaguzino,52.9041,56.3933,57.49,83,82,2.06,RU,broken clouds
431,Gamba,-2.65,10.0,70.75,93,90,6.51,GA,overcast clouds
432,Jaicos,-7.3592,-41.1378,80.64,43,92,5.93,BR,overcast clouds
433,Meadow Lake,34.8014,-106.5436,97.61,24,70,5.93,US,broken clouds
434,Buraydah,26.326,43.975,97.25,11,12,8.79,SA,few clouds
435,Touros,-5.1989,-35.4608,77.05,80,100,10.18,BR,overcast clouds
436,Bom Jardim,-7.7958,-35.5872,70.18,89,95,8.37,BR,overcast clouds
437,Pangoa,-12.1167,-73.0,84.45,49,6,4.56,PE,clear sky
438,Sao Miguel Do Araguaia,-13.275,-50.1628,83.25,28,31,3.2,BR,scattered clouds
439,Lesozavodsk,45.4794,133.4244,64.89,98,41,4.45,RU,scattered clouds
440,Bandar-E Lengeh,26.5579,54.8807,92.16,69,12,8.43,IR,few clouds
441,Plettenberg Bay,-34.0527,23.3716,54.79,78,49,5.17,ZA,scattered clouds
442,Seredka,58.1584,28.1858,64.15,85,1,5.26,RU,clear sky
443,Le Vauclin,14.5452,-60.8388,86.05,70,75,20.71,MQ,broken clouds
444,Sistranda,63.7256,8.834,53.56,85,100,20.49,NO,overcast clouds
445,Zholymbet,51.7433,71.7122,60.42,68,0,7.45,KZ,clear sky
446,Nicolet,46.2168,-72.6158,84.11,64,40,17.27,CA,scattered clouds
447,Ust-Maya,60.4167,134.5333,69.31,66,14,3.58,RU,few clouds
448,Port Shepstone,-30.7414,30.455,64.9,72,75,6.29,ZA,broken clouds
449,Marzuq,14.4,46.4667,77.54,60,2,5.79,YE,clear sky
450,Xuddur,4.1213,43.8894,73.42,64,61,18.01,SO,broken clouds
451,Matola,-25.9622,32.4589,69.75,88,20,4.61,MZ,few clouds
452,Vicksburg,32.3526,-90.8779,97.03,62,20,16.11,US,few clouds
453,Komsomolskiy,40.4272,71.7189,83.12,39,0,9.22,UZ,clear sky
454,Sabinas Hidalgo,26.5,-100.1667,104.54,24,1,17.22,MX,clear sky
455,Lukiv,51.0521,25.4006,64.22,83,16,6.42,UA,few clouds
456,Chipinge,-20.1883,32.6236,57.31,77,97,5.59,ZW,light rain
457,Karratha,-20.7377,116.8463,68.59,85,0,7.81,AU,clear sky
458,Tsiroanomandidy,-18.7667,46.0333,55.35,68,0,3.29,MG,clear sky
459,Uusikaupunki,60.8004,21.4084,64.53,90,80,12.68,FI,broken clouds
460,Collie,-33.3667,116.15,51.12,94,57,3.42,AU,broken clouds
461,Bajil,15.0584,43.2851,88.39,55,26,6.29,YE,scattered clouds
462,Port Hardy,50.6996,-127.4199,59.18,77,75,10.36,CA,broken clouds
463,Kuching,1.55,110.3333,75.42,94,40,3.44,MY,thunderstorm with light rain
464,Romans-Sur-Isere,45.0464,5.0562,79.57,49,0,4.85,FR,clear sky
465,Kijang,35.2442,129.2139,73.13,82,0,5.35,KR,clear sky
466,La Peca,-5.6111,-78.435,79.9,56,69,4.56,PE,light rain
467,Kiama,-34.6833,150.8667,57.99,89,95,1.01,AU,overcast clouds
468,Tokamachi,37.1333,138.7667,73.0,98,100,2.59,JP,overcast clouds
469,Yebaishou,41.3975,119.6408,66.49,88,0,4.16,CN,clear sky
470,Sakti,22.0333,82.9667,80.2,84,100,2.82,IN,overcast clouds
471,Krasnoselkup,65.7,82.4667,49.98,82,78,5.03,RU,broken clouds
472,Abalak,58.1286,68.5944,52.07,90,91,6.02,RU,overcast clouds
473,Gull Lake,50.1001,-108.4847,84.83,23,2,13.82,CA,clear sky
474,Tarakan,3.3,117.6333,78.6,83,100,2.98,ID,overcast clouds
475,Hargeysa,9.56,44.065,71.31,44,11,25.99,SO,few clouds
476,Caravelas,-17.7125,-39.2481,70.92,82,2,5.53,BR,clear sky
477,Lykhivka,48.6874,33.9228,61.59,87,26,9.93,UA,light rain
478,Lavrentiya,65.5833,-171.0,40.41,81,100,20.11,RU,overcast clouds
479,Bow Island,49.8668,-111.3684,85.21,30,3,4.61,CA,clear sky
480,Preobrazheniye,42.9019,133.9064,63.84,97,100,7.92,RU,overcast clouds
481,Pindobacu,-10.7417,-40.3608,69.49,74,95,3.29,BR,overcast clouds
482,Salinas,36.6777,-121.6555,95.56,60,0,14.97,US,haze
483,Bitung,1.4451,125.1824,72.45,87,81,9.44,ID,broken clouds
484,Namtsy,62.7161,129.6658,68.45,78,54,3.15,RU,broken clouds
485,Suntar,62.1444,117.6319,56.84,97,100,2.53,RU,overcast clouds
486,Guerrero Negro,27.9769,-114.0611,80.11,48,7,19.08,MX,clear sky
487,Oksfjord,70.2396,22.3479,55.47,91,100,6.08,NO,overcast clouds
488,Isla Vista,34.4133,-119.861,95.0,45,59,8.75,US,broken clouds
489,Fort Payne,34.4442,-85.7197,88.81,56,100,3.44,US,overcast clouds
490,Fukue,32.6881,128.8419,77.45,75,59,13.87,JP,broken clouds
491,Lasa,46.6166,10.7002,68.99,83,47,2.39,IT,scattered clouds
492,Valparaiso,-33.0393,-71.6273,61.03,72,0,8.05,CL,clear sky
493,Am Timan,11.0297,20.2827,78.58,73,100,2.62,TD,moderate rain
494,Imbituba,-28.24,-48.6703,71.1,82,18,12.35,BR,few clouds
495,Anta,25.15,76.3,80.94,80,100,6.6,IN,overcast clouds
496,Batticaloa,7.7102,81.6924,80.02,81,100,8.61,LK,overcast clouds
497,Tucurui,-3.7661,-49.6725,80.94,61,47,4.59,BR,scattered clouds
498,Gualeguay,-33.1416,-59.3097,60.17,61,100,5.99,AR,light rain
499,Hoa Binh,20.8133,105.3383,75.96,95,31,2.59,VN,scattered clouds
500,Chimoio,-19.1164,33.4833,62.46,88,75,2.62,MZ,broken clouds
501,Severnyy,50.677,36.5532,59.04,94,0,6.71,RU,clear sky
502,Ancud,-41.8697,-73.8203,41.23,92,100,8.08,CL,light rain
503,Luderitz,-26.6481,15.1594,65.28,46,0,5.53,NA,clear sky
504,Palmas De Monte Alto,-14.2672,-43.1619,76.59,36,5,8.63,BR,clear sky
505,Dabakala,8.3667,-4.4333,75.78,76,98,4.9,CI,overcast clouds
506,Champasak,14.75,106.0,72.09,100,100,2.24,LA,overcast clouds
507,Natal,-5.795,-35.2094,75.42,94,100,10.36,BR,overcast clouds
508,Fernley,39.608,-119.2518,99.57,7,0,4.72,US,clear sky
509,San Carlos De Bariloche,-41.1456,-71.3082,36.25,87,75,18.41,AR,broken clouds
510,Ust-Barguzin,53.45,108.9833,54.41,96,100,3.8,RU,overcast clouds
511,Adeje,28.1227,-16.726,81.21,57,0,13.8,ES,clear sky
512,Merrill,45.1805,-89.6835,83.62,43,40,9.22,US,scattered clouds
513,Glens Falls,43.3095,-73.644,91.29,61,0,5.99,US,clear sky
514,Severodvinsk,64.5635,39.8302,57.31,91,9,5.93,RU,clear sky
515,Egvekinot,66.3167,-179.1667,41.85,55,94,11.61,RU,overcast clouds
516,Palora,-1.7,-77.9333,78.91,61,89,2.53,EC,overcast clouds
517,Anupgarh,29.1911,73.2086,84.51,77,100,11.25,IN,overcast clouds
518,Duyun,26.2667,107.5167,72.1,92,99,6.15,CN,overcast clouds
519,Muzhi,65.3667,64.6667,47.44,61,4,11.25,RU,clear sky
520,Lyngseidet,69.5763,20.2189,53.6,97,100,2.06,NO,overcast clouds
521,Road Town,18.4167,-64.6167,84.24,84,40,11.5,VG,scattered clouds
522,Vredendal,-31.6683,18.5012,54.45,38,61,4.5,ZA,broken clouds
523,Pastavy,55.1168,26.8326,61.65,77,0,4.94,BY,clear sky
524,Trstena,49.361,19.6125,65.71,61,6,3.24,SK,clear sky
525,Caconda,-13.7333,15.0667,58.93,31,3,4.09,AO,clear sky
526,Gushikawa,26.3544,127.8686,83.79,89,75,12.66,JP,broken clouds
527,Bodden Town,19.2833,-81.25,89.6,71,20,9.22,KY,few clouds
528,Gigmoto,13.7796,124.39,81.37,85,31,5.95,PH,scattered clouds
529,Thayetmyo,19.3167,95.1833,78.15,93,100,4.21,MM,overcast clouds
530,Mosetse,-20.75,26.65,60.04,69,86,11.41,BW,overcast clouds
531,Wasilla,61.5814,-149.4394,55.49,89,100,5.75,US,light rain
532,Makakilo City,21.3469,-158.0858,82.72,58,75,16.11,US,broken clouds
533,Sheboygan,43.7333,-87.9334,87.78,52,40,8.05,US,scattered clouds
534,Lima,-12.0432,-77.0282,61.05,72,100,8.05,PE,overcast clouds
535,Kahului,20.8947,-156.47,82.42,69,75,17.27,US,broken clouds
536,Great Yarmouth,52.6083,1.7305,63.95,79,21,8.84,GB,few clouds
537,Kaeo,-35.1,173.7833,50.32,95,67,4.88,NZ,broken clouds
538,Malpe,13.35,74.7167,78.1,88,56,6.82,IN,light rain
539,Atambua,-9.1061,124.8925,68.72,89,94,6.49,ID,overcast clouds
540,Bulgan,48.8125,103.5347,49.14,97,100,1.79,MN,moderate rain
541,Ust-Shonosha,61.1531,41.343,59.38,85,25,4.36,RU,scattered clouds
542,Gorontalo,0.5412,123.0595,73.72,94,19,2.19,ID,few clouds
543,San Ignacio,17.1561,-89.0714,93.34,55,40,6.91,BZ,scattered clouds
544,Saltillo,25.4167,-101.0,89.02,38,40,17.27,MX,scattered clouds
545,Aripuana,-9.1667,-60.6333,91.54,35,12,0.81,BR,few clouds
546,Coihaique,-45.5752,-72.0662,35.55,80,75,3.44,CL,broken clouds
547,Ranong,9.9658,98.6348,77.41,90,100,5.44,TH,overcast clouds
548,Rio Grande,-32.035,-52.0986,66.31,99,100,5.75,BR,moderate rain
549,Ca Mau,9.1769,105.15,74.91,93,88,2.04,VN,overcast clouds
550,Menongue,-14.6585,17.691,54.07,40,5,4.36,AO,clear sky
551,Manapparai,10.6,78.4167,74.26,73,100,4.85,IN,overcast clouds
552,Evanston,42.0411,-87.6901,93.94,44,40,17.27,US,scattered clouds
553,Gusau,12.1628,6.6614,78.46,69,39,5.39,NG,scattered clouds
554,Sao Raimundo Nonato,-9.0153,-42.6994,82.9,34,47,7.78,BR,scattered clouds
555,Raudeberg,61.9875,5.1352,54.27,84,78,10.0,NO,broken clouds
556,San Andres,12.5847,-81.7006,86.02,74,75,14.97,CO,broken clouds
557,Cavalcante,-13.7975,-47.4583,74.23,38,37,4.7,BR,scattered clouds
558,Namie,37.4833,141.0,77.72,94,100,8.63,JP,overcast clouds
559,Grimshaw,56.1834,-117.6027,67.62,52,75,20.71,CA,broken clouds
560,Winsum,53.33,6.5208,61.97,93,100,13.85,NL,overcast clouds
561,Maneromango,-7.1988,38.7848,64.2,91,1,5.14,TZ,clear sky
562,Coruripe,-10.1256,-36.1756,73.49,81,61,7.56,BR,broken clouds
563,Meiktila,20.8667,95.8667,78.85,84,100,6.17,MM,overcast clouds
564,Olavarria,-36.8927,-60.3225,49.19,37,6,1.03,AR,clear sky
565,Moree,-29.4667,149.85,55.29,68,100,10.04,AU,light rain
566,Two Hills,53.7169,-111.7518,77.49,38,86,12.66,CA,overcast clouds
567,Broken Hill,-31.95,141.4333,45.36,88,44,11.27,AU,scattered clouds
568,Tutoia,-2.7619,-42.2744,78.46,77,74,6.13,BR,broken clouds
569,Wanaka,-44.7,169.15,30.11,90,13,1.01,NZ,few clouds
570,Luganville,-15.5333,167.1667,79.92,82,13,4.94,VU,few clouds
571,Leshukonskoye,64.8989,45.7622,53.15,84,8,4.94,RU,clear sky
572,Olmos,-5.9847,-79.7453,81.79,42,24,7.09,PE,few clouds
573,Koulikoro,14.0,-7.75,81.18,69,100,10.47,ML,overcast clouds
574,Wellington,-41.2866,174.7756,47.86,90,100,25.32,NZ,light rain
575,Jalu,29.0331,21.5482,79.29,48,0,16.35,LY,clear sky
576,Misratah,32.3754,15.0925,80.8,60,0,9.15,LY,clear sky
577,Sungaipenuh,-2.0833,101.3833,63.43,96,98,3.38,ID,overcast clouds
578,Srednekolymsk,67.45,153.6833,50.29,46,0,9.71,RU,clear sky
579,Galesong,-5.3166,119.3661,76.44,88,94,8.28,ID,light rain
580,Grand Gaube,-20.0064,57.6608,70.2,72,98,5.01,MU,overcast clouds
581,Malumfashi,11.7853,7.6218,77.56,64,79,7.56,NG,broken clouds
582,Maldonado,-34.6667,-54.9167,52.99,91,100,3.2,UY,overcast clouds
583,Dafeng,23.4517,108.5881,76.87,94,7,4.05,CN,clear sky
584,Bonavista,48.6499,-53.1147,59.79,85,51,10.25,CA,broken clouds
585,Vadlapudi,14.3167,79.8,86.92,65,98,1.25,IN,heavy intensity rain
586,Taunggyi,20.7833,97.0333,63.68,95,100,1.77,MM,overcast clouds
587,Petauke,-14.2426,31.3253,64.06,55,51,7.29,ZM,broken clouds
588,Vinh,18.6667,105.6667,75.54,92,78,2.39,VN,broken clouds
589,Nishihara,26.1842,127.7558,83.86,89,75,12.66,JP,broken clouds
590,Luanda,-8.8368,13.2343,67.26,89,39,8.7,AO,scattered clouds
591,Casper,42.8666,-106.3131,93.72,15,0,12.66,US,clear sky
592,Banjar,-8.19,114.9675,73.54,90,93,6.51,ID,overcast clouds
593,Narasannapeta,18.4167,84.05,81.79,82,100,4.56,IN,moderate rain
594,Mundo Nuevo,18.7,-95.5,85.23,70,80,10.38,MX,broken clouds
595,Sept-Iles,50.2001,-66.3821,72.12,70,75,12.66,CA,broken clouds
596,Pangnirtung,66.1451,-65.7125,44.6,93,100,11.5,CA,light rain
597,Lunino,53.5918,45.2271,56.48,97,79,8.1,RU,light rain
598,Ucluelet,48.9329,-125.5528,62.1,86,100,7.05,CA,overcast clouds
599,Harlingen,26.1906,-97.6961,98.69,36,0,19.57,US,clear sky
600,Taoudenni,22.6783,-3.9836,92.93,35,67,15.66,ML,light rain
601,Mount Isa,-20.7333,139.5,44.37,49,0,5.75,AU,clear sky
602,Chapais,49.7834,-74.8492,71.38,91,100,13.98,CA,overcast clouds
603,Yerbogachen,61.2767,108.0108,59.86,78,100,3.11,RU,overcast clouds
604,Ambatofinandrahana,-20.55,46.8,46.6,96,5,5.17,MG,clear sky
605,Viedma,-40.8135,-62.9967,47.73,34,97,16.11,AR,overcast clouds
606,Sur,22.5667,59.5289,86.5,71,77,11.5,OM,broken clouds
607,Zhezkazgan,47.8043,67.7144,76.95,36,22,11.25,KZ,few clouds
608,Dakar,14.6937,-17.4441,83.28,79,90,8.28,SN,overcast clouds
609,Hirado,33.3597,129.5531,76.39,78,54,16.02,JP,broken clouds
610,Port Augusta,-32.5,137.7667,49.75,86,100,6.4,AU,overcast clouds
611,Olafsvik,64.8945,-23.7142,53.33,85,46,7.2,IS,scattered clouds
612,Tual,-5.6667,132.75,78.24,72,94,19.51,ID,overcast clouds
613,Ornskoldsvik,63.2909,18.7153,67.15,94,100,8.05,SE,light rain
614,Nome,64.5011,-165.4064,46.47,87,100,13.8,US,overcast clouds
615,Kefamenanu,-9.4467,124.4781,68.79,88,100,4.45,ID,overcast clouds
616,Rosetta,31.4044,30.4164,76.8,74,0,11.32,EG,clear sky
617,Henties Bay,-22.116,14.2845,58.75,69,0,5.48,NA,clear sky
618,Cooma,-36.2333,149.1333,37.17,100,100,2.3,AU,overcast clouds
619,Kohat,33.582,71.4493,73.47,75,100,3.2,PK,overcast clouds
620,Senanga,-16.1167,23.2667,64.11,43,58,6.82,ZM,broken clouds
621,Spirit River,55.7833,-118.8361,70.23,50,45,16.71,CA,scattered clouds
622,Sulangan,11.1373,123.7228,83.7,77,100,11.21,PH,overcast clouds
623,Ordino,42.5976,1.5257,66.58,73,58,2.55,AD,broken clouds
624,Canon City,38.441,-105.2424,96.96,21,0,10.36,US,clear sky
625,Alnashi,56.1874,52.4792,57.83,80,14,4.32,RU,few clouds
626,Kabalo,-6.05,26.9167,77.34,44,12,3.67,CD,few clouds
627,Kavaratti,10.5669,72.642,81.0,78,100,21.45,IN,overcast clouds
628,Berlevag,70.8578,29.0864,62.4,94,100,4.61,NO,light intensity drizzle
629,Mackenzie,55.2999,-123.1698,71.82,30,0,8.05,CA,clear sky
630,Yelkhovka,53.8667,50.2832,70.56,71,100,10.65,RU,overcast clouds
631,Knysna,-34.0363,23.0471,53.65,80,67,5.08,ZA,broken clouds
632,Ariquemes,-9.9133,-63.0408,92.03,32,0,1.54,BR,clear sky
633,Kharabali,47.4196,47.2568,71.26,62,73,2.71,RU,broken clouds
634,Gubkinskiy,64.434,76.5026,47.82,74,98,8.39,RU,overcast clouds
635,Havoysund,70.9963,24.6622,57.43,99,100,18.32,NO,light rain
636,Kerchevskiy,59.946,56.2884,55.36,94,87,3.71,RU,overcast clouds
637,Batemans Bay,-35.7167,150.1833,52.11,87,85,3.15,AU,overcast clouds
638,Lakatoro,-16.0999,167.4164,79.9,82,25,13.0,VU,scattered clouds
639,Bodaybo,57.8506,114.1933,58.96,91,100,1.52,RU,overcast clouds
640,Sibolga,1.7427,98.7792,75.65,89,100,3.71,ID,overcast clouds
641,Mocuba,-16.8392,36.9856,62.02,93,6,2.33,MZ,clear sky
642,Galveston,29.3669,-94.9669,101.08,63,20,14.97,US,few clouds
643,Puerto Suarez,-18.95,-57.8,95.36,52,0,11.5,BO,clear sky
644,Ifanadiana,-21.3,47.6333,54.66,94,0,3.38,MG,clear sky
645,Andrychow,49.855,19.3383,74.32,51,10,5.1,PL,clear sky
646,Baykit,61.67,96.37,53.91,91,31,2.66,RU,scattered clouds
647,Port Macquarie,-31.4333,152.9167,56.89,81,99,10.92,AU,overcast clouds
648,Yumen,40.2833,97.2,67.84,26,0,8.52,CN,clear sky
649,Port-Cartier,50.0334,-66.8654,71.82,73,100,10.76,CA,overcast clouds
650,Santa Vitoria Do Palmar,-33.5189,-53.3681,52.9,92,98,6.44,BR,overcast clouds
651,Wonthaggi,-38.6044,145.5913,44.82,86,4,7.4,AU,clear sky
652,Belmonte,-15.8631,-38.8828,71.62,87,77,6.87,BR,broken clouds
653,Jambi,-1.6,103.6167,73.44,96,69,2.93,ID,broken clouds
654,Novopokrovka,49.8425,36.5477,56.82,96,16,6.22,UA,few clouds
655,Yatou,37.15,122.3833,69.6,85,0,4.94,CN,clear sky
656,Sungairaya,0.7,108.9,78.01,87,85,6.89,ID,overcast clouds
657,Kondoa,-4.9,35.7833,54.46,85,1,3.29,TZ,clear sky
658,Port Moresby,-9.4431,147.1797,76.14,87,46,3.09,PG,scattered clouds
659,Saint-Donat-De-Montcalm,46.3187,-74.2219,73.83,89,39,12.15,CA,scattered clouds
660,Naze,28.3667,129.4833,81.52,87,35,13.67,JP,scattered clouds
661,San Quintin,30.4833,-115.95,71.82,76,100,17.94,MX,overcast clouds
662,Mirabad,30.4362,61.8383,93.56,13,11,11.27,AF,few clouds
663,Ubala,4.7478,-72.5369,79.75,76,83,4.68,CO,broken clouds
664,Khasan,42.4308,130.6434,67.32,98,99,2.66,RU,overcast clouds
665,Abu Dhabi,24.4667,54.3667,98.71,61,0,4.61,AE,clear sky
666,Dzhebariki-Khaya,62.2167,135.8,71.38,58,58,4.29,RU,broken clouds
667,Aksarayskiy,46.7924,48.0119,70.92,81,2,9.08,RU,clear sky
668,Namatanai,-3.6667,152.4333,79.72,79,76,5.7,PG,broken clouds
669,Ulladulla,-35.35,150.4667,54.27,80,56,7.43,AU,broken clouds
670,Maxixe,-23.8597,35.3472,66.29,86,0,4.79,MZ,clear sky
671,Bethlehem,-1.4558,-48.5044,87.84,70,40,8.05,BR,scattered clouds
672,Lhokseumawe,5.1801,97.1507,76.32,91,100,7.65,ID,light rain
673,Te Anau,-45.4167,167.7167,35.53,94,56,0.96,NZ,broken clouds
674,Gazanjyk,39.2446,55.5154,82.47,59,0,9.37,TM,clear sky
675,Blackwater,-23.5833,148.8833,52.79,94,33,8.01,AU,scattered clouds
676,Morgan City,29.6994,-91.2068,90.01,53,100,9.86,US,overcast clouds
677,Semey,50.4111,80.2275,68.94,61,70,7.36,KZ,broken clouds
678,Sao Felix Do Xingu,-6.6447,-51.995,85.5,37,15,2.68,BR,few clouds
679,Sambava,-14.2667,50.1667,68.23,86,54,11.86,MG,light rain
680,Havre-Saint-Pierre,50.2334,-63.5986,75.56,50,100,6.91,CA,overcast clouds
681,Mondlo,-27.983,30.7177,50.18,93,1,3.71,ZA,clear sky
682,Prieska,-29.6641,22.7474,56.84,37,0,2.24,ZA,clear sky
683,Barra Do Corda,-5.5,-45.25,84.02,34,23,1.45,BR,few clouds
684,Hosur,12.7167,77.8167,71.71,83,95,7.83,IN,overcast clouds
685,Rawson,-43.3002,-65.1023,45.91,53,100,18.19,AR,overcast clouds
686,Paamiut,61.994,-49.6678,45.43,89,8,7.09,GL,clear sky
687,Vigrestad,58.5667,5.7,56.97,84,99,28.52,NO,overcast clouds
688,Tottori,35.5,134.2333,75.29,92,73,5.59,JP,broken clouds
689,Gat,31.61,34.7642,79.48,100,4,1.83,IL,clear sky
690,Manakara,-22.1333,48.0167,63.86,85,44,4.18,MG,light rain
691,Gwanda,-20.9333,29.0,59.86,72,83,3.11,ZW,broken clouds
692,Yenagoa,4.9247,6.2642,74.62,89,85,4.0,NG,overcast clouds
693,Goderich,43.7501,-81.7165,80.92,57,0,9.22,CA,clear sky
694,Alekseyevsk,57.8406,108.3492,55.45,86,100,3.24,RU,overcast clouds
695,Coahuayana,18.7333,-103.6833,91.17,63,82,6.96,MX,broken clouds
696,Killybegs,54.6333,-8.45,57.22,73,100,5.73,IE,overcast clouds
697,Chifeng,42.2683,118.9636,67.75,77,0,4.09,CN,clear sky
698,Armizonskoye,55.9461,67.6736,57.47,97,89,7.27,RU,light rain
699,Tarnobrzeg,50.573,21.6794,71.96,66,8,4.32,PL,clear sky
700,Vila Franca Do Campo,37.7167,-25.4333,70.21,78,52,3.33,PT,broken clouds
701,Brae,60.3964,-1.353,50.7,85,16,10.56,GB,few clouds
702,Cotonou,6.3654,2.4183,76.28,79,13,12.59,BJ,few clouds
703,Verkhnyaya Inta,65.9811,60.3094,43.93,70,1,7.05,RU,clear sky
704,Hagi,34.4,131.4167,76.55,90,76,10.71,JP,broken clouds
705,Pierre,44.3683,-100.351,94.28,30,0,10.36,US,clear sky
706,San Francisco,37.7749,-122.4194,90.99,74,20,19.57,US,few clouds
707,Beyneu,45.3167,55.2,88.48,30,97,17.72,KZ,overcast clouds
708,Ossora,59.2353,163.0719,60.35,60,0,5.21,RU,clear sky
709,Auch,43.65,0.5833,80.89,69,0,5.68,FR,clear sky
710,Mujiayingzi,42.1167,118.7833,65.59,81,1,5.19,CN,clear sky
711,Ailigandi,9.2333,-78.0167,78.69,88,100,3.62,PA,overcast clouds
712,Nakamura,32.9833,132.9333,74.88,92,8,4.05,JP,clear sky
713,Drezdenko,52.8383,15.8308,70.45,92,94,1.63,PL,moderate rain
714,Waddan,29.1614,16.139,80.1,45,0,16.73,LY,clear sky
715,Kieta,-6.2167,155.6333,79.36,78,98,1.5,PG,overcast clouds
716,Dzilam Gonzalez,21.2833,-88.9333,88.68,59,39,12.71,MX,scattered clouds
717,Sao Joao Da Barra,-21.6403,-41.0511,75.29,83,8,9.93,BR,clear sky
718,Erenhot,43.6475,111.9767,74.3,38,100,20.74,CN,overcast clouds
719,Teknaf,20.8624,92.3058,80.76,88,100,5.08,BD,moderate rain
720,Laguna,38.421,-121.4238,100.31,27,0,6.91,US,clear sky
721,Thinadhoo,0.5333,72.9333,81.19,73,99,12.39,MV,overcast clouds
722,Ha Tinh,18.3333,105.9,75.13,91,82,3.6,VN,broken clouds
723,Santiago Del Estero,-27.7951,-64.2615,77.56,47,21,13.49,AR,few clouds
724,Maningrida,-12.0667,134.2667,55.53,86,68,8.95,AU,broken clouds
725,Lasem,-6.6922,111.4527,75.24,81,58,6.91,ID,broken clouds
726,Bandarban,22.1965,92.2262,76.8,98,100,2.35,BD,overcast clouds
727,Urucara,-2.5364,-57.76,85.57,65,74,1.92,BR,broken clouds
728,Raga,8.4596,25.678,68.97,96,100,2.42,SS,overcast clouds
